post_title,post_content,category_id
Post2,"Post2 Category2 Lorem ipsum dolor sit amet, consectetur adipiscing elit. Sed laoreet eget erat non commodo. Vivamus vel dui magna. Etiam id facilisis metus. Nulla turpis nulla, maximus ut interdum sed, imperdiet nec orci. Sed gravida gravida posuere. Pellentesque eget arcu vehicula, ornare lacus sed, dictum ipsum. Duis feugiat nunc vitae urna commodo, et ultrices ipsum mollis. Praesent purus nisi, semper at ligula vitae, egestas imperdiet neque. Vestibulum ultrices leo risus, et aliquet sem sollicitudin sit amet. Aliquam mattis lorem ut velit semper, a euismod lorem blandit.",2
Post3,"Post3 Category3 Lorem ipsum dolor sit amet, consectetur adipiscing elit. Sed laoreet eget erat non commodo. Vivamus vel dui magna. Etiam id facilisis metus. Nulla turpis nulla, maximus ut interdum sed, imperdiet nec orci. Sed gravida gravida posuere. Pellentesque eget arcu vehicula, ornare lacus sed, dictum ipsum. Duis feugiat nunc vitae urna commodo, et ultrices ipsum mollis. Praesent purus nisi, semper at ligula vitae, egestas imperdiet neque. Vestibulum ultrices leo risus, et aliquet sem sollicitudin sit amet. Aliquam mattis lorem ut velit semper, a euismod lorem blandit.",3
Post4,"Post4 Category1 Lorem ipsum dolor sit amet, consectetur adipiscing elit. Sed laoreet eget erat non commodo. Vivamus vel dui magna. Etiam id facilisis metus. Nulla turpis nulla, maximus ut interdum sed, imperdiet nec orci. Sed gravida gravida posuere. Pellentesque eget arcu vehicula, ornare lacus sed, dictum ipsum. Duis feugiat nunc vitae urna commodo, et ultrices ipsum mollis. Praesent purus nisi, semper at ligula vitae, egestas imperdiet neque. Vestibulum ultrices leo risus, et aliquet sem sollicitudin sit amet. Aliquam mattis lorem ut velit semper, a euismod lorem blandit.",1
Post5,"Post5 Category2 Lorem ipsum dolor sit amet, consectetur adipiscing elit. Sed laoreet eget erat non commodo. Vivamus vel dui magna. Etiam id facilisis metus. Nulla turpis nulla, maximus ut interdum sed, imperdiet nec orci. Sed gravida gravida posuere. Pellentesque eget arcu vehicula, ornare lacus sed, dictum ipsum. Duis feugiat nunc vitae urna commodo, et ultrices ipsum mollis. Praesent purus nisi, semper at ligula vitae, egestas imperdiet neque. Vestibulum ultrices leo risus, et aliquet sem sollicitudin sit amet. Aliquam mattis lorem ut velit semper, a euismod lorem blandit.",2
Post6,"Post6 Category3 Lorem ipsum dolor sit amet, consectetur adipiscing elit. Sed laoreet eget erat non commodo. Vivamus vel dui magna. Etiam id facilisis metus. Nulla turpis nulla, maximus ut interdum sed, imperdiet nec orci. Sed gravida gravida posuere. Pellentesque eget arcu vehicula, ornare lacus sed, dictum ipsum. Duis feugiat nunc vitae urna commodo, et ultrices ipsum mollis. Praesent purus nisi, semper at ligula vitae, egestas imperdiet neque. Vestibulum ultrices leo risus, et aliquet sem sollicitudin sit amet. Aliquam mattis lorem ut velit semper, a euismod lorem blandit.",3
Post7,"Post7 Category1 Lorem ipsum dolor sit amet, consectetur adipiscing elit. Sed laoreet eget erat non commodo. Vivamus vel dui magna. Etiam id facilisis metus. Nulla turpis nulla, maximus ut interdum sed, imperdiet nec orci. Sed gravida gravida posuere. Pellentesque eget arcu vehicula, ornare lacus sed, dictum ipsum. Duis feugiat nunc vitae urna commodo, et ultrices ipsum mollis. Praesent purus nisi, semper at ligula vitae, egestas imperdiet neque. Vestibulum ultrices leo risus, et aliquet sem sollicitudin sit amet. Aliquam mattis lorem ut velit semper, a euismod lorem blandit.",1
Post8,"Post8 Category2 Lorem ipsum dolor sit amet, consectetur adipiscing elit. Sed laoreet eget erat non commodo. Vivamus vel dui magna. Etiam id facilisis metus. Nulla turpis nulla, maximus ut interdum sed, imperdiet nec orci. Sed gravida gravida posuere. Pellentesque eget arcu vehicula, ornare lacus sed, dictum ipsum. Duis feugiat nunc vitae urna commodo, et ultrices ipsum mollis. Praesent purus nisi, semper at ligula vitae, egestas imperdiet neque. Vestibulum ultrices leo risus, et aliquet sem sollicitudin sit amet. Aliquam mattis lorem ut velit semper, a euismod lorem blandit.",2
Post9,"Post9 Category3 Lorem ipsum dolor sit amet, consectetur adipiscing elit. Sed laoreet eget erat non commodo. Vivamus vel dui magna. Etiam id facilisis metus. Nulla turpis nulla, maximus ut interdum sed, imperdiet nec orci. Sed gravida gravida posuere. Pellentesque eget arcu vehicula, ornare lacus sed, dictum ipsum. Duis feugiat nunc vitae urna commodo, et ultrices ipsum mollis. Praesent purus nisi, semper at ligula vitae, egestas imperdiet neque. Vestibulum ultrices leo risus, et aliquet sem sollicitudin sit amet. Aliquam mattis lorem ut velit semper, a euismod lorem blandit.",3
Post10,"Post10 Category1 Lorem ipsum dolor sit amet, consectetur adipiscing elit. Sed laoreet eget erat non commodo. Vivamus vel dui magna. Etiam id facilisis metus. Nulla turpis nulla, maximus ut interdum sed, imperdiet nec orci. Sed gravida gravida posuere. Pellentesque eget arcu vehicula, ornare lacus sed, dictum ipsum. Duis feugiat nunc vitae urna commodo, et ultrices ipsum mollis. Praesent purus nisi, semper at ligula vitae, egestas imperdiet neque. Vestibulum ultrices leo risus, et aliquet sem sollicitudin sit amet. Aliquam mattis lorem ut velit semper, a euismod lorem blandit.",1
Post11,"Post11 Category2 Lorem ipsum dolor sit amet, consectetur adipiscing elit. Sed laoreet eget erat non commodo. Vivamus vel dui magna. Etiam id facilisis metus. Nulla turpis nulla, maximus ut interdum sed, imperdiet nec orci. Sed gravida gravida posuere. Pellentesque eget arcu vehicula, ornare lacus sed, dictum ipsum. Duis feugiat nunc vitae urna commodo, et ultrices ipsum mollis. Praesent purus nisi, semper at ligula vitae, egestas imperdiet neque. Vestibulum ultrices leo risus, et aliquet sem sollicitudin sit amet. Aliquam mattis lorem ut velit semper, a euismod lorem blandit.",2
Post12,"Post12 Category3 Lorem ipsum dolor sit amet, consectetur adipiscing elit. Sed laoreet eget erat non commodo. Vivamus vel dui magna. Etiam id facilisis metus. Nulla turpis nulla, maximus ut interdum sed, imperdiet nec orci. Sed gravida gravida posuere. Pellentesque eget arcu vehicula, ornare lacus sed, dictum ipsum. Duis feugiat nunc vitae urna commodo, et ultrices ipsum mollis. Praesent purus nisi, semper at ligula vitae, egestas imperdiet neque. Vestibulum ultrices leo risus, et aliquet sem sollicitudin sit amet. Aliquam mattis lorem ut velit semper, a euismod lorem blandit.",3
Post13,"Post13 Category1 Lorem ipsum dolor sit amet, consectetur adipiscing elit. Sed laoreet eget erat non commodo. Vivamus vel dui magna. Etiam id facilisis metus. Nulla turpis nulla, maximus ut interdum sed, imperdiet nec orci. Sed gravida gravida posuere. Pellentesque eget arcu vehicula, ornare lacus sed, dictum ipsum. Duis feugiat nunc vitae urna commodo, et ultrices ipsum mollis. Praesent purus nisi, semper at ligula vitae, egestas imperdiet neque. Vestibulum ultrices leo risus, et aliquet sem sollicitudin sit amet. Aliquam mattis lorem ut velit semper, a euismod lorem blandit.",1
Post14,"Post14 Category2 Lorem ipsum dolor sit amet, consectetur adipiscing elit. Sed laoreet eget erat non commodo. Vivamus vel dui magna. Etiam id facilisis metus. Nulla turpis nulla, maximus ut interdum sed, imperdiet nec orci. Sed gravida gravida posuere. Pellentesque eget arcu vehicula, ornare lacus sed, dictum ipsum. Duis feugiat nunc vitae urna commodo, et ultrices ipsum mollis. Praesent purus nisi, semper at ligula vitae, egestas imperdiet neque. Vestibulum ultrices leo risus, et aliquet sem sollicitudin sit amet. Aliquam mattis lorem ut velit semper, a euismod lorem blandit.",2
Post15,"Post15 Category3 Lorem ipsum dolor sit amet, consectetur adipiscing elit. Sed laoreet eget erat non commodo. Vivamus vel dui magna. Etiam id facilisis metus. Nulla turpis nulla, maximus ut interdum sed, imperdiet nec orci. Sed gravida gravida posuere. Pellentesque eget arcu vehicula, ornare lacus sed, dictum ipsum. Duis feugiat nunc vitae urna commodo, et ultrices ipsum mollis. Praesent purus nisi, semper at ligula vitae, egestas imperdiet neque. Vestibulum ultrices leo risus, et aliquet sem sollicitudin sit amet. Aliquam mattis lorem ut velit semper, a euismod lorem blandit.",3
Post16,"Post16 Category1 Lorem ipsum dolor sit amet, consectetur adipiscing elit. Sed laoreet eget erat non commodo. Vivamus vel dui magna. Etiam id facilisis metus. Nulla turpis nulla, maximus ut interdum sed, imperdiet nec orci. Sed gravida gravida posuere. Pellentesque eget arcu vehicula, ornare lacus sed, dictum ipsum. Duis feugiat nunc vitae urna commodo, et ultrices ipsum mollis. Praesent purus nisi, semper at ligula vitae, egestas imperdiet neque. Vestibulum ultrices leo risus, et aliquet sem sollicitudin sit amet. Aliquam mattis lorem ut velit semper, a euismod lorem blandit.",1
Post17,"Post17 Category2 Lorem ipsum dolor sit amet, consectetur adipiscing elit. Sed laoreet eget erat non commodo. Vivamus vel dui magna. Etiam id facilisis metus. Nulla turpis nulla, maximus ut interdum sed, imperdiet nec orci. Sed gravida gravida posuere. Pellentesque eget arcu vehicula, ornare lacus sed, dictum ipsum. Duis feugiat nunc vitae urna commodo, et ultrices ipsum mollis. Praesent purus nisi, semper at ligula vitae, egestas imperdiet neque. Vestibulum ultrices leo risus, et aliquet sem sollicitudin sit amet. Aliquam mattis lorem ut velit semper, a euismod lorem blandit.",2
Post18,"Post18 Category3 Lorem ipsum dolor sit amet, consectetur adipiscing elit. Sed laoreet eget erat non commodo. Vivamus vel dui magna. Etiam id facilisis metus. Nulla turpis nulla, maximus ut interdum sed, imperdiet nec orci. Sed gravida gravida posuere. Pellentesque eget arcu vehicula, ornare lacus sed, dictum ipsum. Duis feugiat nunc vitae urna commodo, et ultrices ipsum mollis. Praesent purus nisi, semper at ligula vitae, egestas imperdiet neque. Vestibulum ultrices leo risus, et aliquet sem sollicitudin sit amet. Aliquam mattis lorem ut velit semper, a euismod lorem blandit.",3
Post19,"Post19 Category1 Lorem ipsum dolor sit amet, consectetur adipiscing elit. Sed laoreet eget erat non commodo. Vivamus vel dui magna. Etiam id facilisis metus. Nulla turpis nulla, maximus ut interdum sed, imperdiet nec orci. Sed gravida gravida posuere. Pellentesque eget arcu vehicula, ornare lacus sed, dictum ipsum. Duis feugiat nunc vitae urna commodo, et ultrices ipsum mollis. Praesent purus nisi, semper at ligula vitae, egestas imperdiet neque. Vestibulum ultrices leo risus, et aliquet sem sollicitudin sit amet. Aliquam mattis lorem ut velit semper, a euismod lorem blandit.",1
Post20,"Post20 Category2 Lorem ipsum dolor sit amet, consectetur adipiscing elit. Sed laoreet eget erat non commodo. Vivamus vel dui magna. Etiam id facilisis metus. Nulla turpis nulla, maximus ut interdum sed, imperdiet nec orci. Sed gravida gravida posuere. Pellentesque eget arcu vehicula, ornare lacus sed, dictum ipsum. Duis feugiat nunc vitae urna commodo, et ultrices ipsum mollis. Praesent purus nisi, semper at ligula vitae, egestas imperdiet neque. Vestibulum ultrices leo risus, et aliquet sem sollicitudin sit amet. Aliquam mattis lorem ut velit semper, a euismod lorem blandit.",2
Post21,"Post21 Category3 Lorem ipsum dolor sit amet, consectetur adipiscing elit. Sed laoreet eget erat non commodo. Vivamus vel dui magna. Etiam id facilisis metus. Nulla turpis nulla, maximus ut interdum sed, imperdiet nec orci. Sed gravida gravida posuere. Pellentesque eget arcu vehicula, ornare lacus sed, dictum ipsum. Duis feugiat nunc vitae urna commodo, et ultrices ipsum mollis. Praesent purus nisi, semper at ligula vitae, egestas imperdiet neque. Vestibulum ultrices leo risus, et aliquet sem sollicitudin sit amet. Aliquam mattis lorem ut velit semper, a euismod lorem blandit.",3
Post22,"Post22 Category1 Lorem ipsum dolor sit amet, consectetur adipiscing elit. Sed laoreet eget erat non commodo. Vivamus vel dui magna. Etiam id facilisis metus. Nulla turpis nulla, maximus ut interdum sed, imperdiet nec orci. Sed gravida gravida posuere. Pellentesque eget arcu vehicula, ornare lacus sed, dictum ipsum. Duis feugiat nunc vitae urna commodo, et ultrices ipsum mollis. Praesent purus nisi, semper at ligula vitae, egestas imperdiet neque. Vestibulum ultrices leo risus, et aliquet sem sollicitudin sit amet. Aliquam mattis lorem ut velit semper, a euismod lorem blandit.",1
Post23,"Post23 Category2 Lorem ipsum dolor sit amet, consectetur adipiscing elit. Sed laoreet eget erat non commodo. Vivamus vel dui magna. Etiam id facilisis metus. Nulla turpis nulla, maximus ut interdum sed, imperdiet nec orci. Sed gravida gravida posuere. Pellentesque eget arcu vehicula, ornare lacus sed, dictum ipsum. Duis feugiat nunc vitae urna commodo, et ultrices ipsum mollis. Praesent purus nisi, semper at ligula vitae, egestas imperdiet neque. Vestibulum ultrices leo risus, et aliquet sem sollicitudin sit amet. Aliquam mattis lorem ut velit semper, a euismod lorem blandit.",2
Post24,"Post24 Category3 Lorem ipsum dolor sit amet, consectetur adipiscing elit. Sed laoreet eget erat non commodo. Vivamus vel dui magna. Etiam id facilisis metus. Nulla turpis nulla, maximus ut interdum sed, imperdiet nec orci. Sed gravida gravida posuere. Pellentesque eget arcu vehicula, ornare lacus sed, dictum ipsum. Duis feugiat nunc vitae urna commodo, et ultrices ipsum mollis. Praesent purus nisi, semper at ligula vitae, egestas imperdiet neque. Vestibulum ultrices leo risus, et aliquet sem sollicitudin sit amet. Aliquam mattis lorem ut velit semper, a euismod lorem blandit.",3
Post25,"Post25 Category1 Lorem ipsum dolor sit amet, consectetur adipiscing elit. Sed laoreet eget erat non commodo. Vivamus vel dui magna. Etiam id facilisis metus. Nulla turpis nulla, maximus ut interdum sed, imperdiet nec orci. Sed gravida gravida posuere. Pellentesque eget arcu vehicula, ornare lacus sed, dictum ipsum. Duis feugiat nunc vitae urna commodo, et ultrices ipsum mollis. Praesent purus nisi, semper at ligula vitae, egestas imperdiet neque. Vestibulum ultrices leo risus, et aliquet sem sollicitudin sit amet. Aliquam mattis lorem ut velit semper, a euismod lorem blandit.",1
Post26,"Post26 Category2 Lorem ipsum dolor sit amet, consectetur adipiscing elit. Sed laoreet eget erat non commodo. Vivamus vel dui magna. Etiam id facilisis metus. Nulla turpis nulla, maximus ut interdum sed, imperdiet nec orci. Sed gravida gravida posuere. Pellentesque eget arcu vehicula, ornare lacus sed, dictum ipsum. Duis feugiat nunc vitae urna commodo, et ultrices ipsum mollis. Praesent purus nisi, semper at ligula vitae, egestas imperdiet neque. Vestibulum ultrices leo risus, et aliquet sem sollicitudin sit amet. Aliquam mattis lorem ut velit semper, a euismod lorem blandit.",2
Post27,"Post27 Category3 Lorem ipsum dolor sit amet, consectetur adipiscing elit. Sed laoreet eget erat non commodo. Vivamus vel dui magna. Etiam id facilisis metus. Nulla turpis nulla, maximus ut interdum sed, imperdiet nec orci. Sed gravida gravida posuere. Pellentesque eget arcu vehicula, ornare lacus sed, dictum ipsum. Duis feugiat nunc vitae urna commodo, et ultrices ipsum mollis. Praesent purus nisi, semper at ligula vitae, egestas imperdiet neque. Vestibulum ultrices leo risus, et aliquet sem sollicitudin sit amet. Aliquam mattis lorem ut velit semper, a euismod lorem blandit.",3
Post28,"Post28 Category1 Lorem ipsum dolor sit amet, consectetur adipiscing elit. Sed laoreet eget erat non commodo. Vivamus vel dui magna. Etiam id facilisis metus. Nulla turpis nulla, maximus ut interdum sed, imperdiet nec orci. Sed gravida gravida posuere. Pellentesque eget arcu vehicula, ornare lacus sed, dictum ipsum. Duis feugiat nunc vitae urna commodo, et ultrices ipsum mollis. Praesent purus nisi, semper at ligula vitae, egestas imperdiet neque. Vestibulum ultrices leo risus, et aliquet sem sollicitudin sit amet. Aliquam mattis lorem ut velit semper, a euismod lorem blandit.",1
Post29,"Post29 Category2 Lorem ipsum dolor sit amet, consectetur adipiscing elit. Sed laoreet eget erat non commodo. Vivamus vel dui magna. Etiam id facilisis metus. Nulla turpis nulla, maximus ut interdum sed, imperdiet nec orci. Sed gravida gravida posuere. Pellentesque eget arcu vehicula, ornare lacus sed, dictum ipsum. Duis feugiat nunc vitae urna commodo, et ultrices ipsum mollis. Praesent purus nisi, semper at ligula vitae, egestas imperdiet neque. Vestibulum ultrices leo risus, et aliquet sem sollicitudin sit amet. Aliquam mattis lorem ut velit semper, a euismod lorem blandit.",2
Post30,"Post30 Category3 Lorem ipsum dolor sit amet, consectetur adipiscing elit. Sed laoreet eget erat non commodo. Vivamus vel dui magna. Etiam id facilisis metus. Nulla turpis nulla, maximus ut interdum sed, imperdiet nec orci. Sed gravida gravida posuere. Pellentesque eget arcu vehicula, ornare lacus sed, dictum ipsum. Duis feugiat nunc vitae urna commodo, et ultrices ipsum mollis. Praesent purus nisi, semper at ligula vitae, egestas imperdiet neque. Vestibulum ultrices leo risus, et aliquet sem sollicitudin sit amet. Aliquam mattis lorem ut velit semper, a euismod lorem blandit.",3
Post31,"Post31 Category1 Lorem ipsum dolor sit amet, consectetur adipiscing elit. Sed laoreet eget erat non commodo. Vivamus vel dui magna. Etiam id facilisis metus. Nulla turpis nulla, maximus ut interdum sed, imperdiet nec orci. Sed gravida gravida posuere. Pellentesque eget arcu vehicula, ornare lacus sed, dictum ipsum. Duis feugiat nunc vitae urna commodo, et ultrices ipsum mollis. Praesent purus nisi, semper at ligula vitae, egestas imperdiet neque. Vestibulum ultrices leo risus, et aliquet sem sollicitudin sit amet. Aliquam mattis lorem ut velit semper, a euismod lorem blandit.",1
Post32,"Post32 Category2 Lorem ipsum dolor sit amet, consectetur adipiscing elit. Sed laoreet eget erat non commodo. Vivamus vel dui magna. Etiam id facilisis metus. Nulla turpis nulla, maximus ut interdum sed, imperdiet nec orci. Sed gravida gravida posuere. Pellentesque eget arcu vehicula, ornare lacus sed, dictum ipsum. Duis feugiat nunc vitae urna commodo, et ultrices ipsum mollis. Praesent purus nisi, semper at ligula vitae, egestas imperdiet neque. Vestibulum ultrices leo risus, et aliquet sem sollicitudin sit amet. Aliquam mattis lorem ut velit semper, a euismod lorem blandit.",2
Post33,"Post33 Category3 Lorem ipsum dolor sit amet, consectetur adipiscing elit. Sed laoreet eget erat non commodo. Vivamus vel dui magna. Etiam id facilisis metus. Nulla turpis nulla, maximus ut interdum sed, imperdiet nec orci. Sed gravida gravida posuere. Pellentesque eget arcu vehicula, ornare lacus sed, dictum ipsum. Duis feugiat nunc vitae urna commodo, et ultrices ipsum mollis. Praesent purus nisi, semper at ligula vitae, egestas imperdiet neque. Vestibulum ultrices leo risus, et aliquet sem sollicitudin sit amet. Aliquam mattis lorem ut velit semper, a euismod lorem blandit.",3
Post34,"Post34 Category1 Lorem ipsum dolor sit amet, consectetur adipiscing elit. Sed laoreet eget erat non commodo. Vivamus vel dui magna. Etiam id facilisis metus. Nulla turpis nulla, maximus ut interdum sed, imperdiet nec orci. Sed gravida gravida posuere. Pellentesque eget arcu vehicula, ornare lacus sed, dictum ipsum. Duis feugiat nunc vitae urna commodo, et ultrices ipsum mollis. Praesent purus nisi, semper at ligula vitae, egestas imperdiet neque. Vestibulum ultrices leo risus, et aliquet sem sollicitudin sit amet. Aliquam mattis lorem ut velit semper, a euismod lorem blandit.",1
Post35,"Post35 Category2 Lorem ipsum dolor sit amet, consectetur adipiscing elit. Sed laoreet eget erat non commodo. Vivamus vel dui magna. Etiam id facilisis metus. Nulla turpis nulla, maximus ut interdum sed, imperdiet nec orci. Sed gravida gravida posuere. Pellentesque eget arcu vehicula, ornare lacus sed, dictum ipsum. Duis feugiat nunc vitae urna commodo, et ultrices ipsum mollis. Praesent purus nisi, semper at ligula vitae, egestas imperdiet neque. Vestibulum ultrices leo risus, et aliquet sem sollicitudin sit amet. Aliquam mattis lorem ut velit semper, a euismod lorem blandit.",2
Post36,"Post36 Category3 Lorem ipsum dolor sit amet, consectetur adipiscing elit. Sed laoreet eget erat non commodo. Vivamus vel dui magna. Etiam id facilisis metus. Nulla turpis nulla, maximus ut interdum sed, imperdiet nec orci. Sed gravida gravida posuere. Pellentesque eget arcu vehicula, ornare lacus sed, dictum ipsum. Duis feugiat nunc vitae urna commodo, et ultrices ipsum mollis. Praesent purus nisi, semper at ligula vitae, egestas imperdiet neque. Vestibulum ultrices leo risus, et aliquet sem sollicitudin sit amet. Aliquam mattis lorem ut velit semper, a euismod lorem blandit.",3
Post37,"Post37 Category1 Lorem ipsum dolor sit amet, consectetur adipiscing elit. Sed laoreet eget erat non commodo. Vivamus vel dui magna. Etiam id facilisis metus. Nulla turpis nulla, maximus ut interdum sed, imperdiet nec orci. Sed gravida gravida posuere. Pellentesque eget arcu vehicula, ornare lacus sed, dictum ipsum. Duis feugiat nunc vitae urna commodo, et ultrices ipsum mollis. Praesent purus nisi, semper at ligula vitae, egestas imperdiet neque. Vestibulum ultrices leo risus, et aliquet sem sollicitudin sit amet. Aliquam mattis lorem ut velit semper, a euismod lorem blandit.",1
Post38,"Post38 Category2 Lorem ipsum dolor sit amet, consectetur adipiscing elit. Sed laoreet eget erat non commodo. Vivamus vel dui magna. Etiam id facilisis metus. Nulla turpis nulla, maximus ut interdum sed, imperdiet nec orci. Sed gravida gravida posuere. Pellentesque eget arcu vehicula, ornare lacus sed, dictum ipsum. Duis feugiat nunc vitae urna commodo, et ultrices ipsum mollis. Praesent purus nisi, semper at ligula vitae, egestas imperdiet neque. Vestibulum ultrices leo risus, et aliquet sem sollicitudin sit amet. Aliquam mattis lorem ut velit semper, a euismod lorem blandit.",2
Post39,"Post39 Category3 Lorem ipsum dolor sit amet, consectetur adipiscing elit. Sed laoreet eget erat non commodo. Vivamus vel dui magna. Etiam id facilisis metus. Nulla turpis nulla, maximus ut interdum sed, imperdiet nec orci. Sed gravida gravida posuere. Pellentesque eget arcu vehicula, ornare lacus sed, dictum ipsum. Duis feugiat nunc vitae urna commodo, et ultrices ipsum mollis. Praesent purus nisi, semper at ligula vitae, egestas imperdiet neque. Vestibulum ultrices leo risus, et aliquet sem sollicitudin sit amet. Aliquam mattis lorem ut velit semper, a euismod lorem blandit.",3
Post40,"Post40 Category1 Lorem ipsum dolor sit amet, consectetur adipiscing elit. Sed laoreet eget erat non commodo. Vivamus vel dui magna. Etiam id facilisis metus. Nulla turpis nulla, maximus ut interdum sed, imperdiet nec orci. Sed gravida gravida posuere. Pellentesque eget arcu vehicula, ornare lacus sed, dictum ipsum. Duis feugiat nunc vitae urna commodo, et ultrices ipsum mollis. Praesent purus nisi, semper at ligula vitae, egestas imperdiet neque. Vestibulum ultrices leo risus, et aliquet sem sollicitudin sit amet. Aliquam mattis lorem ut velit semper, a euismod lorem blandit.",1
Post41,"Post41 Category2 Lorem ipsum dolor sit amet, consectetur adipiscing elit. Sed laoreet eget erat non commodo. Vivamus vel dui magna. Etiam id facilisis metus. Nulla turpis nulla, maximus ut interdum sed, imperdiet nec orci. Sed gravida gravida posuere. Pellentesque eget arcu vehicula, ornare lacus sed, dictum ipsum. Duis feugiat nunc vitae urna commodo, et ultrices ipsum mollis. Praesent purus nisi, semper at ligula vitae, egestas imperdiet neque. Vestibulum ultrices leo risus, et aliquet sem sollicitudin sit amet. Aliquam mattis lorem ut velit semper, a euismod lorem blandit.",2
Post42,"Post42 Category3 Lorem ipsum dolor sit amet, consectetur adipiscing elit. Sed laoreet eget erat non commodo. Vivamus vel dui magna. Etiam id facilisis metus. Nulla turpis nulla, maximus ut interdum sed, imperdiet nec orci. Sed gravida gravida posuere. Pellentesque eget arcu vehicula, ornare lacus sed, dictum ipsum. Duis feugiat nunc vitae urna commodo, et ultrices ipsum mollis. Praesent purus nisi, semper at ligula vitae, egestas imperdiet neque. Vestibulum ultrices leo risus, et aliquet sem sollicitudin sit amet. Aliquam mattis lorem ut velit semper, a euismod lorem blandit.",3
Post43,"Post43 Category1 Lorem ipsum dolor sit amet, consectetur adipiscing elit. Sed laoreet eget erat non commodo. Vivamus vel dui magna. Etiam id facilisis metus. Nulla turpis nulla, maximus ut interdum sed, imperdiet nec orci. Sed gravida gravida posuere. Pellentesque eget arcu vehicula, ornare lacus sed, dictum ipsum. Duis feugiat nunc vitae urna commodo, et ultrices ipsum mollis. Praesent purus nisi, semper at ligula vitae, egestas imperdiet neque. Vestibulum ultrices leo risus, et aliquet sem sollicitudin sit amet. Aliquam mattis lorem ut velit semper, a euismod lorem blandit.",1
Post44,"Post44 Category2 Lorem ipsum dolor sit amet, consectetur adipiscing elit. Sed laoreet eget erat non commodo. Vivamus vel dui magna. Etiam id facilisis metus. Nulla turpis nulla, maximus ut interdum sed, imperdiet nec orci. Sed gravida gravida posuere. Pellentesque eget arcu vehicula, ornare lacus sed, dictum ipsum. Duis feugiat nunc vitae urna commodo, et ultrices ipsum mollis. Praesent purus nisi, semper at ligula vitae, egestas imperdiet neque. Vestibulum ultrices leo risus, et aliquet sem sollicitudin sit amet. Aliquam mattis lorem ut velit semper, a euismod lorem blandit.",2
Post45,"Post45 Category3 Lorem ipsum dolor sit amet, consectetur adipiscing elit. Sed laoreet eget erat non commodo. Vivamus vel dui magna. Etiam id facilisis metus. Nulla turpis nulla, maximus ut interdum sed, imperdiet nec orci. Sed gravida gravida posuere. Pellentesque eget arcu vehicula, ornare lacus sed, dictum ipsum. Duis feugiat nunc vitae urna commodo, et ultrices ipsum mollis. Praesent purus nisi, semper at ligula vitae, egestas imperdiet neque. Vestibulum ultrices leo risus, et aliquet sem sollicitudin sit amet. Aliquam mattis lorem ut velit semper, a euismod lorem blandit.",3
Post46,"Post46 Category1 Lorem ipsum dolor sit amet, consectetur adipiscing elit. Sed laoreet eget erat non commodo. Vivamus vel dui magna. Etiam id facilisis metus. Nulla turpis nulla, maximus ut interdum sed, imperdiet nec orci. Sed gravida gravida posuere. Pellentesque eget arcu vehicula, ornare lacus sed, dictum ipsum. Duis feugiat nunc vitae urna commodo, et ultrices ipsum mollis. Praesent purus nisi, semper at ligula vitae, egestas imperdiet neque. Vestibulum ultrices leo risus, et aliquet sem sollicitudin sit amet. Aliquam mattis lorem ut velit semper, a euismod lorem blandit.",1
Post47,"Post47 Category2 Lorem ipsum dolor sit amet, consectetur adipiscing elit. Sed laoreet eget erat non commodo. Vivamus vel dui magna. Etiam id facilisis metus. Nulla turpis nulla, maximus ut interdum sed, imperdiet nec orci. Sed gravida gravida posuere. Pellentesque eget arcu vehicula, ornare lacus sed, dictum ipsum. Duis feugiat nunc vitae urna commodo, et ultrices ipsum mollis. Praesent purus nisi, semper at ligula vitae, egestas imperdiet neque. Vestibulum ultrices leo risus, et aliquet sem sollicitudin sit amet. Aliquam mattis lorem ut velit semper, a euismod lorem blandit.",2
Post48,"Post48 Category3 Lorem ipsum dolor sit amet, consectetur adipiscing elit. Sed laoreet eget erat non commodo. Vivamus vel dui magna. Etiam id facilisis metus. Nulla turpis nulla, maximus ut interdum sed, imperdiet nec orci. Sed gravida gravida posuere. Pellentesque eget arcu vehicula, ornare lacus sed, dictum ipsum. Duis feugiat nunc vitae urna commodo, et ultrices ipsum mollis. Praesent purus nisi, semper at ligula vitae, egestas imperdiet neque. Vestibulum ultrices leo risus, et aliquet sem sollicitudin sit amet. Aliquam mattis lorem ut velit semper, a euismod lorem blandit.",3
Post49,"Post49 Category1 Lorem ipsum dolor sit amet, consectetur adipiscing elit. Sed laoreet eget erat non commodo. Vivamus vel dui magna. Etiam id facilisis metus. Nulla turpis nulla, maximus ut interdum sed, imperdiet nec orci. Sed gravida gravida posuere. Pellentesque eget arcu vehicula, ornare lacus sed, dictum ipsum. Duis feugiat nunc vitae urna commodo, et ultrices ipsum mollis. Praesent purus nisi, semper at ligula vitae, egestas imperdiet neque. Vestibulum ultrices leo risus, et aliquet sem sollicitudin sit amet. Aliquam mattis lorem ut velit semper, a euismod lorem blandit.",1
Post50,"Post50 Category2 Lorem ipsum dolor sit amet, consectetur adipiscing elit. Sed laoreet eget erat non commodo. Vivamus vel dui magna. Etiam id facilisis metus. Nulla turpis nulla, maximus ut interdum sed, imperdiet nec orci. Sed gravida gravida posuere. Pellentesque eget arcu vehicula, ornare lacus sed, dictum ipsum. Duis feugiat nunc vitae urna commodo, et ultrices ipsum mollis. Praesent purus nisi, semper at ligula vitae, egestas imperdiet neque. Vestibulum ultrices leo risus, et aliquet sem sollicitudin sit amet. Aliquam mattis lorem ut velit semper, a euismod lorem blandit.",2
Post51,"Post51 Category3 Lorem ipsum dolor sit amet, consectetur adipiscing elit. Sed laoreet eget erat non commodo. Vivamus vel dui magna. Etiam id facilisis metus. Nulla turpis nulla, maximus ut interdum sed, imperdiet nec orci. Sed gravida gravida posuere. Pellentesque eget arcu vehicula, ornare lacus sed, dictum ipsum. Duis feugiat nunc vitae urna commodo, et ultrices ipsum mollis. Praesent purus nisi, semper at ligula vitae, egestas imperdiet neque. Vestibulum ultrices leo risus, et aliquet sem sollicitudin sit amet. Aliquam mattis lorem ut velit semper, a euismod lorem blandit.",3
Post52,"Post52 Category1 Lorem ipsum dolor sit amet, consectetur adipiscing elit. Sed laoreet eget erat non commodo. Vivamus vel dui magna. Etiam id facilisis metus. Nulla turpis nulla, maximus ut interdum sed, imperdiet nec orci. Sed gravida gravida posuere. Pellentesque eget arcu vehicula, ornare lacus sed, dictum ipsum. Duis feugiat nunc vitae urna commodo, et ultrices ipsum mollis. Praesent purus nisi, semper at ligula vitae, egestas imperdiet neque. Vestibulum ultrices leo risus, et aliquet sem sollicitudin sit amet. Aliquam mattis lorem ut velit semper, a euismod lorem blandit.",1
Post53,"Post53 Category2 Lorem ipsum dolor sit amet, consectetur adipiscing elit. Sed laoreet eget erat non commodo. Vivamus vel dui magna. Etiam id facilisis metus. Nulla turpis nulla, maximus ut interdum sed, imperdiet nec orci. Sed gravida gravida posuere. Pellentesque eget arcu vehicula, ornare lacus sed, dictum ipsum. Duis feugiat nunc vitae urna commodo, et ultrices ipsum mollis. Praesent purus nisi, semper at ligula vitae, egestas imperdiet neque. Vestibulum ultrices leo risus, et aliquet sem sollicitudin sit amet. Aliquam mattis lorem ut velit semper, a euismod lorem blandit.",2
Post54,"Post54 Category3 Lorem ipsum dolor sit amet, consectetur adipiscing elit. Sed laoreet eget erat non commodo. Vivamus vel dui magna. Etiam id facilisis metus. Nulla turpis nulla, maximus ut interdum sed, imperdiet nec orci. Sed gravida gravida posuere. Pellentesque eget arcu vehicula, ornare lacus sed, dictum ipsum. Duis feugiat nunc vitae urna commodo, et ultrices ipsum mollis. Praesent purus nisi, semper at ligula vitae, egestas imperdiet neque. Vestibulum ultrices leo risus, et aliquet sem sollicitudin sit amet. Aliquam mattis lorem ut velit semper, a euismod lorem blandit.",3
Post55,"Post55 Category1 Lorem ipsum dolor sit amet, consectetur adipiscing elit. Sed laoreet eget erat non commodo. Vivamus vel dui magna. Etiam id facilisis metus. Nulla turpis nulla, maximus ut interdum sed, imperdiet nec orci. Sed gravida gravida posuere. Pellentesque eget arcu vehicula, ornare lacus sed, dictum ipsum. Duis feugiat nunc vitae urna commodo, et ultrices ipsum mollis. Praesent purus nisi, semper at ligula vitae, egestas imperdiet neque. Vestibulum ultrices leo risus, et aliquet sem sollicitudin sit amet. Aliquam mattis lorem ut velit semper, a euismod lorem blandit.",1
Post56,"Post56 Category2 Lorem ipsum dolor sit amet, consectetur adipiscing elit. Sed laoreet eget erat non commodo. Vivamus vel dui magna. Etiam id facilisis metus. Nulla turpis nulla, maximus ut interdum sed, imperdiet nec orci. Sed gravida gravida posuere. Pellentesque eget arcu vehicula, ornare lacus sed, dictum ipsum. Duis feugiat nunc vitae urna commodo, et ultrices ipsum mollis. Praesent purus nisi, semper at ligula vitae, egestas imperdiet neque. Vestibulum ultrices leo risus, et aliquet sem sollicitudin sit amet. Aliquam mattis lorem ut velit semper, a euismod lorem blandit.",2
Post57,"Post57 Category3 Lorem ipsum dolor sit amet, consectetur adipiscing elit. Sed laoreet eget erat non commodo. Vivamus vel dui magna. Etiam id facilisis metus. Nulla turpis nulla, maximus ut interdum sed, imperdiet nec orci. Sed gravida gravida posuere. Pellentesque eget arcu vehicula, ornare lacus sed, dictum ipsum. Duis feugiat nunc vitae urna commodo, et ultrices ipsum mollis. Praesent purus nisi, semper at ligula vitae, egestas imperdiet neque. Vestibulum ultrices leo risus, et aliquet sem sollicitudin sit amet. Aliquam mattis lorem ut velit semper, a euismod lorem blandit.",3
Post58,"Post58 Category1 Lorem ipsum dolor sit amet, consectetur adipiscing elit. Sed laoreet eget erat non commodo. Vivamus vel dui magna. Etiam id facilisis metus. Nulla turpis nulla, maximus ut interdum sed, imperdiet nec orci. Sed gravida gravida posuere. Pellentesque eget arcu vehicula, ornare lacus sed, dictum ipsum. Duis feugiat nunc vitae urna commodo, et ultrices ipsum mollis. Praesent purus nisi, semper at ligula vitae, egestas imperdiet neque. Vestibulum ultrices leo risus, et aliquet sem sollicitudin sit amet. Aliquam mattis lorem ut velit semper, a euismod lorem blandit.",1
Post59,"Post59 Category2 Lorem ipsum dolor sit amet, consectetur adipiscing elit. Sed laoreet eget erat non commodo. Vivamus vel dui magna. Etiam id facilisis metus. Nulla turpis nulla, maximus ut interdum sed, imperdiet nec orci. Sed gravida gravida posuere. Pellentesque eget arcu vehicula, ornare lacus sed, dictum ipsum. Duis feugiat nunc vitae urna commodo, et ultrices ipsum mollis. Praesent purus nisi, semper at ligula vitae, egestas imperdiet neque. Vestibulum ultrices leo risus, et aliquet sem sollicitudin sit amet. Aliquam mattis lorem ut velit semper, a euismod lorem blandit.",2
Post60,"Post60 Category3 Lorem ipsum dolor sit amet, consectetur adipiscing elit. Sed laoreet eget erat non commodo. Vivamus vel dui magna. Etiam id facilisis metus. Nulla turpis nulla, maximus ut interdum sed, imperdiet nec orci. Sed gravida gravida posuere. Pellentesque eget arcu vehicula, ornare lacus sed, dictum ipsum. Duis feugiat nunc vitae urna commodo, et ultrices ipsum mollis. Praesent purus nisi, semper at ligula vitae, egestas imperdiet neque. Vestibulum ultrices leo risus, et aliquet sem sollicitudin sit amet. Aliquam mattis lorem ut velit semper, a euismod lorem blandit.",3
Post61,"Post61 Category1 Lorem ipsum dolor sit amet, consectetur adipiscing elit. Sed laoreet eget erat non commodo. Vivamus vel dui magna. Etiam id facilisis metus. Nulla turpis nulla, maximus ut interdum sed, imperdiet nec orci. Sed gravida gravida posuere. Pellentesque eget arcu vehicula, ornare lacus sed, dictum ipsum. Duis feugiat nunc vitae urna commodo, et ultrices ipsum mollis. Praesent purus nisi, semper at ligula vitae, egestas imperdiet neque. Vestibulum ultrices leo risus, et aliquet sem sollicitudin sit amet. Aliquam mattis lorem ut velit semper, a euismod lorem blandit.",1
Post62,"Post62 Category2 Lorem ipsum dolor sit amet, consectetur adipiscing elit. Sed laoreet eget erat non commodo. Vivamus vel dui magna. Etiam id facilisis metus. Nulla turpis nulla, maximus ut interdum sed, imperdiet nec orci. Sed gravida gravida posuere. Pellentesque eget arcu vehicula, ornare lacus sed, dictum ipsum. Duis feugiat nunc vitae urna commodo, et ultrices ipsum mollis. Praesent purus nisi, semper at ligula vitae, egestas imperdiet neque. Vestibulum ultrices leo risus, et aliquet sem sollicitudin sit amet. Aliquam mattis lorem ut velit semper, a euismod lorem blandit.",2
Post63,"Post63 Category3 Lorem ipsum dolor sit amet, consectetur adipiscing elit. Sed laoreet eget erat non commodo. Vivamus vel dui magna. Etiam id facilisis metus. Nulla turpis nulla, maximus ut interdum sed, imperdiet nec orci. Sed gravida gravida posuere. Pellentesque eget arcu vehicula, ornare lacus sed, dictum ipsum. Duis feugiat nunc vitae urna commodo, et ultrices ipsum mollis. Praesent purus nisi, semper at ligula vitae, egestas imperdiet neque. Vestibulum ultrices leo risus, et aliquet sem sollicitudin sit amet. Aliquam mattis lorem ut velit semper, a euismod lorem blandit.",3
Post64,"Post64 Category1 Lorem ipsum dolor sit amet, consectetur adipiscing elit. Sed laoreet eget erat non commodo. Vivamus vel dui magna. Etiam id facilisis metus. Nulla turpis nulla, maximus ut interdum sed, imperdiet nec orci. Sed gravida gravida posuere. Pellentesque eget arcu vehicula, ornare lacus sed, dictum ipsum. Duis feugiat nunc vitae urna commodo, et ultrices ipsum mollis. Praesent purus nisi, semper at ligula vitae, egestas imperdiet neque. Vestibulum ultrices leo risus, et aliquet sem sollicitudin sit amet. Aliquam mattis lorem ut velit semper, a euismod lorem blandit.",1
Post65,"Post65 Category2 Lorem ipsum dolor sit amet, consectetur adipiscing elit. Sed laoreet eget erat non commodo. Vivamus vel dui magna. Etiam id facilisis metus. Nulla turpis nulla, maximus ut interdum sed, imperdiet nec orci. Sed gravida gravida posuere. Pellentesque eget arcu vehicula, ornare lacus sed, dictum ipsum. Duis feugiat nunc vitae urna commodo, et ultrices ipsum mollis. Praesent purus nisi, semper at ligula vitae, egestas imperdiet neque. Vestibulum ultrices leo risus, et aliquet sem sollicitudin sit amet. Aliquam mattis lorem ut velit semper, a euismod lorem blandit.",2
Post66,"Post66 Category3 Lorem ipsum dolor sit amet, consectetur adipiscing elit. Sed laoreet eget erat non commodo. Vivamus vel dui magna. Etiam id facilisis metus. Nulla turpis nulla, maximus ut interdum sed, imperdiet nec orci. Sed gravida gravida posuere. Pellentesque eget arcu vehicula, ornare lacus sed, dictum ipsum. Duis feugiat nunc vitae urna commodo, et ultrices ipsum mollis. Praesent purus nisi, semper at ligula vitae, egestas imperdiet neque. Vestibulum ultrices leo risus, et aliquet sem sollicitudin sit amet. Aliquam mattis lorem ut velit semper, a euismod lorem blandit.",3
Post67,"Post67 Category1 Lorem ipsum dolor sit amet, consectetur adipiscing elit. Sed laoreet eget erat non commodo. Vivamus vel dui magna. Etiam id facilisis metus. Nulla turpis nulla, maximus ut interdum sed, imperdiet nec orci. Sed gravida gravida posuere. Pellentesque eget arcu vehicula, ornare lacus sed, dictum ipsum. Duis feugiat nunc vitae urna commodo, et ultrices ipsum mollis. Praesent purus nisi, semper at ligula vitae, egestas imperdiet neque. Vestibulum ultrices leo risus, et aliquet sem sollicitudin sit amet. Aliquam mattis lorem ut velit semper, a euismod lorem blandit.",1
Post68,"Post68 Category2 Lorem ipsum dolor sit amet, consectetur adipiscing elit. Sed laoreet eget erat non commodo. Vivamus vel dui magna. Etiam id facilisis metus. Nulla turpis nulla, maximus ut interdum sed, imperdiet nec orci. Sed gravida gravida posuere. Pellentesque eget arcu vehicula, ornare lacus sed, dictum ipsum. Duis feugiat nunc vitae urna commodo, et ultrices ipsum mollis. Praesent purus nisi, semper at ligula vitae, egestas imperdiet neque. Vestibulum ultrices leo risus, et aliquet sem sollicitudin sit amet. Aliquam mattis lorem ut velit semper, a euismod lorem blandit.",2
Post69,"Post69 Category3 Lorem ipsum dolor sit amet, consectetur adipiscing elit. Sed laoreet eget erat non commodo. Vivamus vel dui magna. Etiam id facilisis metus. Nulla turpis nulla, maximus ut interdum sed, imperdiet nec orci. Sed gravida gravida posuere. Pellentesque eget arcu vehicula, ornare lacus sed, dictum ipsum. Duis feugiat nunc vitae urna commodo, et ultrices ipsum mollis. Praesent purus nisi, semper at ligula vitae, egestas imperdiet neque. Vestibulum ultrices leo risus, et aliquet sem sollicitudin sit amet. Aliquam mattis lorem ut velit semper, a euismod lorem blandit.",3
Post70,"Post70 Category1 Lorem ipsum dolor sit amet, consectetur adipiscing elit. Sed laoreet eget erat non commodo. Vivamus vel dui magna. Etiam id facilisis metus. Nulla turpis nulla, maximus ut interdum sed, imperdiet nec orci. Sed gravida gravida posuere. Pellentesque eget arcu vehicula, ornare lacus sed, dictum ipsum. Duis feugiat nunc vitae urna commodo, et ultrices ipsum mollis. Praesent purus nisi, semper at ligula vitae, egestas imperdiet neque. Vestibulum ultrices leo risus, et aliquet sem sollicitudin sit amet. Aliquam mattis lorem ut velit semper, a euismod lorem blandit.",1
Post71,"Post71 Category2 Lorem ipsum dolor sit amet, consectetur adipiscing elit. Sed laoreet eget erat non commodo. Vivamus vel dui magna. Etiam id facilisis metus. Nulla turpis nulla, maximus ut interdum sed, imperdiet nec orci. Sed gravida gravida posuere. Pellentesque eget arcu vehicula, ornare lacus sed, dictum ipsum. Duis feugiat nunc vitae urna commodo, et ultrices ipsum mollis. Praesent purus nisi, semper at ligula vitae, egestas imperdiet neque. Vestibulum ultrices leo risus, et aliquet sem sollicitudin sit amet. Aliquam mattis lorem ut velit semper, a euismod lorem blandit.",2
Post72,"Post72 Category3 Lorem ipsum dolor sit amet, consectetur adipiscing elit. Sed laoreet eget erat non commodo. Vivamus vel dui magna. Etiam id facilisis metus. Nulla turpis nulla, maximus ut interdum sed, imperdiet nec orci. Sed gravida gravida posuere. Pellentesque eget arcu vehicula, ornare lacus sed, dictum ipsum. Duis feugiat nunc vitae urna commodo, et ultrices ipsum mollis. Praesent purus nisi, semper at ligula vitae, egestas imperdiet neque. Vestibulum ultrices leo risus, et aliquet sem sollicitudin sit amet. Aliquam mattis lorem ut velit semper, a euismod lorem blandit.",3
Post73,"Post73 Category1 Lorem ipsum dolor sit amet, consectetur adipiscing elit. Sed laoreet eget erat non commodo. Vivamus vel dui magna. Etiam id facilisis metus. Nulla turpis nulla, maximus ut interdum sed, imperdiet nec orci. Sed gravida gravida posuere. Pellentesque eget arcu vehicula, ornare lacus sed, dictum ipsum. Duis feugiat nunc vitae urna commodo, et ultrices ipsum mollis. Praesent purus nisi, semper at ligula vitae, egestas imperdiet neque. Vestibulum ultrices leo risus, et aliquet sem sollicitudin sit amet. Aliquam mattis lorem ut velit semper, a euismod lorem blandit.",1
Post74,"Post74 Category2 Lorem ipsum dolor sit amet, consectetur adipiscing elit. Sed laoreet eget erat non commodo. Vivamus vel dui magna. Etiam id facilisis metus. Nulla turpis nulla, maximus ut interdum sed, imperdiet nec orci. Sed gravida gravida posuere. Pellentesque eget arcu vehicula, ornare lacus sed, dictum ipsum. Duis feugiat nunc vitae urna commodo, et ultrices ipsum mollis. Praesent purus nisi, semper at ligula vitae, egestas imperdiet neque. Vestibulum ultrices leo risus, et aliquet sem sollicitudin sit amet. Aliquam mattis lorem ut velit semper, a euismod lorem blandit.",2
Post75,"Post75 Category3 Lorem ipsum dolor sit amet, consectetur adipiscing elit. Sed laoreet eget erat non commodo. Vivamus vel dui magna. Etiam id facilisis metus. Nulla turpis nulla, maximus ut interdum sed, imperdiet nec orci. Sed gravida gravida posuere. Pellentesque eget arcu vehicula, ornare lacus sed, dictum ipsum. Duis feugiat nunc vitae urna commodo, et ultrices ipsum mollis. Praesent purus nisi, semper at ligula vitae, egestas imperdiet neque. Vestibulum ultrices leo risus, et aliquet sem sollicitudin sit amet. Aliquam mattis lorem ut velit semper, a euismod lorem blandit.",3
Post76,"Post76 Category1 Lorem ipsum dolor sit amet, consectetur adipiscing elit. Sed laoreet eget erat non commodo. Vivamus vel dui magna. Etiam id facilisis metus. Nulla turpis nulla, maximus ut interdum sed, imperdiet nec orci. Sed gravida gravida posuere. Pellentesque eget arcu vehicula, ornare lacus sed, dictum ipsum. Duis feugiat nunc vitae urna commodo, et ultrices ipsum mollis. Praesent purus nisi, semper at ligula vitae, egestas imperdiet neque. Vestibulum ultrices leo risus, et aliquet sem sollicitudin sit amet. Aliquam mattis lorem ut velit semper, a euismod lorem blandit.",1
Post77,"Post77 Category2 Lorem ipsum dolor sit amet, consectetur adipiscing elit. Sed laoreet eget erat non commodo. Vivamus vel dui magna. Etiam id facilisis metus. Nulla turpis nulla, maximus ut interdum sed, imperdiet nec orci. Sed gravida gravida posuere. Pellentesque eget arcu vehicula, ornare lacus sed, dictum ipsum. Duis feugiat nunc vitae urna commodo, et ultrices ipsum mollis. Praesent purus nisi, semper at ligula vitae, egestas imperdiet neque. Vestibulum ultrices leo risus, et aliquet sem sollicitudin sit amet. Aliquam mattis lorem ut velit semper, a euismod lorem blandit.",2
Post78,"Post78 Category3 Lorem ipsum dolor sit amet, consectetur adipiscing elit. Sed laoreet eget erat non commodo. Vivamus vel dui magna. Etiam id facilisis metus. Nulla turpis nulla, maximus ut interdum sed, imperdiet nec orci. Sed gravida gravida posuere. Pellentesque eget arcu vehicula, ornare lacus sed, dictum ipsum. Duis feugiat nunc vitae urna commodo, et ultrices ipsum mollis. Praesent purus nisi, semper at ligula vitae, egestas imperdiet neque. Vestibulum ultrices leo risus, et aliquet sem sollicitudin sit amet. Aliquam mattis lorem ut velit semper, a euismod lorem blandit.",3
Post79,"Post79 Category1 Lorem ipsum dolor sit amet, consectetur adipiscing elit. Sed laoreet eget erat non commodo. Vivamus vel dui magna. Etiam id facilisis metus. Nulla turpis nulla, maximus ut interdum sed, imperdiet nec orci. Sed gravida gravida posuere. Pellentesque eget arcu vehicula, ornare lacus sed, dictum ipsum. Duis feugiat nunc vitae urna commodo, et ultrices ipsum mollis. Praesent purus nisi, semper at ligula vitae, egestas imperdiet neque. Vestibulum ultrices leo risus, et aliquet sem sollicitudin sit amet. Aliquam mattis lorem ut velit semper, a euismod lorem blandit.",1
Post80,"Post80 Category2 Lorem ipsum dolor sit amet, consectetur adipiscing elit. Sed laoreet eget erat non commodo. Vivamus vel dui magna. Etiam id facilisis metus. Nulla turpis nulla, maximus ut interdum sed, imperdiet nec orci. Sed gravida gravida posuere. Pellentesque eget arcu vehicula, ornare lacus sed, dictum ipsum. Duis feugiat nunc vitae urna commodo, et ultrices ipsum mollis. Praesent purus nisi, semper at ligula vitae, egestas imperdiet neque. Vestibulum ultrices leo risus, et aliquet sem sollicitudin sit amet. Aliquam mattis lorem ut velit semper, a euismod lorem blandit.",2
Post81,"Post81 Category3 Lorem ipsum dolor sit amet, consectetur adipiscing elit. Sed laoreet eget erat non commodo. Vivamus vel dui magna. Etiam id facilisis metus. Nulla turpis nulla, maximus ut interdum sed, imperdiet nec orci. Sed gravida gravida posuere. Pellentesque eget arcu vehicula, ornare lacus sed, dictum ipsum. Duis feugiat nunc vitae urna commodo, et ultrices ipsum mollis. Praesent purus nisi, semper at ligula vitae, egestas imperdiet neque. Vestibulum ultrices leo risus, et aliquet sem sollicitudin sit amet. Aliquam mattis lorem ut velit semper, a euismod lorem blandit.",3
Post82,"Post82 Category1 Lorem ipsum dolor sit amet, consectetur adipiscing elit. Sed laoreet eget erat non commodo. Vivamus vel dui magna. Etiam id facilisis metus. Nulla turpis nulla, maximus ut interdum sed, imperdiet nec orci. Sed gravida gravida posuere. Pellentesque eget arcu vehicula, ornare lacus sed, dictum ipsum. Duis feugiat nunc vitae urna commodo, et ultrices ipsum mollis. Praesent purus nisi, semper at ligula vitae, egestas imperdiet neque. Vestibulum ultrices leo risus, et aliquet sem sollicitudin sit amet. Aliquam mattis lorem ut velit semper, a euismod lorem blandit.",1
Post83,"Post83 Category2 Lorem ipsum dolor sit amet, consectetur adipiscing elit. Sed laoreet eget erat non commodo. Vivamus vel dui magna. Etiam id facilisis metus. Nulla turpis nulla, maximus ut interdum sed, imperdiet nec orci. Sed gravida gravida posuere. Pellentesque eget arcu vehicula, ornare lacus sed, dictum ipsum. Duis feugiat nunc vitae urna commodo, et ultrices ipsum mollis. Praesent purus nisi, semper at ligula vitae, egestas imperdiet neque. Vestibulum ultrices leo risus, et aliquet sem sollicitudin sit amet. Aliquam mattis lorem ut velit semper, a euismod lorem blandit.",2
Post84,"Post84 Category3 Lorem ipsum dolor sit amet, consectetur adipiscing elit. Sed laoreet eget erat non commodo. Vivamus vel dui magna. Etiam id facilisis metus. Nulla turpis nulla, maximus ut interdum sed, imperdiet nec orci. Sed gravida gravida posuere. Pellentesque eget arcu vehicula, ornare lacus sed, dictum ipsum. Duis feugiat nunc vitae urna commodo, et ultrices ipsum mollis. Praesent purus nisi, semper at ligula vitae, egestas imperdiet neque. Vestibulum ultrices leo risus, et aliquet sem sollicitudin sit amet. Aliquam mattis lorem ut velit semper, a euismod lorem blandit.",3
Post85,"Post85 Category1 Lorem ipsum dolor sit amet, consectetur adipiscing elit. Sed laoreet eget erat non commodo. Vivamus vel dui magna. Etiam id facilisis metus. Nulla turpis nulla, maximus ut interdum sed, imperdiet nec orci. Sed gravida gravida posuere. Pellentesque eget arcu vehicula, ornare lacus sed, dictum ipsum. Duis feugiat nunc vitae urna commodo, et ultrices ipsum mollis. Praesent purus nisi, semper at ligula vitae, egestas imperdiet neque. Vestibulum ultrices leo risus, et aliquet sem sollicitudin sit amet. Aliquam mattis lorem ut velit semper, a euismod lorem blandit.",1
Post86,"Post86 Category2 Lorem ipsum dolor sit amet, consectetur adipiscing elit. Sed laoreet eget erat non commodo. Vivamus vel dui magna. Etiam id facilisis metus. Nulla turpis nulla, maximus ut interdum sed, imperdiet nec orci. Sed gravida gravida posuere. Pellentesque eget arcu vehicula, ornare lacus sed, dictum ipsum. Duis feugiat nunc vitae urna commodo, et ultrices ipsum mollis. Praesent purus nisi, semper at ligula vitae, egestas imperdiet neque. Vestibulum ultrices leo risus, et aliquet sem sollicitudin sit amet. Aliquam mattis lorem ut velit semper, a euismod lorem blandit.",2
Post87,"Post87 Category3 Lorem ipsum dolor sit amet, consectetur adipiscing elit. Sed laoreet eget erat non commodo. Vivamus vel dui magna. Etiam id facilisis metus. Nulla turpis nulla, maximus ut interdum sed, imperdiet nec orci. Sed gravida gravida posuere. Pellentesque eget arcu vehicula, ornare lacus sed, dictum ipsum. Duis feugiat nunc vitae urna commodo, et ultrices ipsum mollis. Praesent purus nisi, semper at ligula vitae, egestas imperdiet neque. Vestibulum ultrices leo risus, et aliquet sem sollicitudin sit amet. Aliquam mattis lorem ut velit semper, a euismod lorem blandit.",3
Post88,"Post88 Category1 Lorem ipsum dolor sit amet, consectetur adipiscing elit. Sed laoreet eget erat non commodo. Vivamus vel dui magna. Etiam id facilisis metus. Nulla turpis nulla, maximus ut interdum sed, imperdiet nec orci. Sed gravida gravida posuere. Pellentesque eget arcu vehicula, ornare lacus sed, dictum ipsum. Duis feugiat nunc vitae urna commodo, et ultrices ipsum mollis. Praesent purus nisi, semper at ligula vitae, egestas imperdiet neque. Vestibulum ultrices leo risus, et aliquet sem sollicitudin sit amet. Aliquam mattis lorem ut velit semper, a euismod lorem blandit.",1
Post89,"Post89 Category2 Lorem ipsum dolor sit amet, consectetur adipiscing elit. Sed laoreet eget erat non commodo. Vivamus vel dui magna. Etiam id facilisis metus. Nulla turpis nulla, maximus ut interdum sed, imperdiet nec orci. Sed gravida gravida posuere. Pellentesque eget arcu vehicula, ornare lacus sed, dictum ipsum. Duis feugiat nunc vitae urna commodo, et ultrices ipsum mollis. Praesent purus nisi, semper at ligula vitae, egestas imperdiet neque. Vestibulum ultrices leo risus, et aliquet sem sollicitudin sit amet. Aliquam mattis lorem ut velit semper, a euismod lorem blandit.",2
Post90,"Post90 Category3 Lorem ipsum dolor sit amet, consectetur adipiscing elit. Sed laoreet eget erat non commodo. Vivamus vel dui magna. Etiam id facilisis metus. Nulla turpis nulla, maximus ut interdum sed, imperdiet nec orci. Sed gravida gravida posuere. Pellentesque eget arcu vehicula, ornare lacus sed, dictum ipsum. Duis feugiat nunc vitae urna commodo, et ultrices ipsum mollis. Praesent purus nisi, semper at ligula vitae, egestas imperdiet neque. Vestibulum ultrices leo risus, et aliquet sem sollicitudin sit amet. Aliquam mattis lorem ut velit semper, a euismod lorem blandit.",3
Post91,"Post91 Category1 Lorem ipsum dolor sit amet, consectetur adipiscing elit. Sed laoreet eget erat non commodo. Vivamus vel dui magna. Etiam id facilisis metus. Nulla turpis nulla, maximus ut interdum sed, imperdiet nec orci. Sed gravida gravida posuere. Pellentesque eget arcu vehicula, ornare lacus sed, dictum ipsum. Duis feugiat nunc vitae urna commodo, et ultrices ipsum mollis. Praesent purus nisi, semper at ligula vitae, egestas imperdiet neque. Vestibulum ultrices leo risus, et aliquet sem sollicitudin sit amet. Aliquam mattis lorem ut velit semper, a euismod lorem blandit.",1
Post92,"Post92 Category2 Lorem ipsum dolor sit amet, consectetur adipiscing elit. Sed laoreet eget erat non commodo. Vivamus vel dui magna. Etiam id facilisis metus. Nulla turpis nulla, maximus ut interdum sed, imperdiet nec orci. Sed gravida gravida posuere. Pellentesque eget arcu vehicula, ornare lacus sed, dictum ipsum. Duis feugiat nunc vitae urna commodo, et ultrices ipsum mollis. Praesent purus nisi, semper at ligula vitae, egestas imperdiet neque. Vestibulum ultrices leo risus, et aliquet sem sollicitudin sit amet. Aliquam mattis lorem ut velit semper, a euismod lorem blandit.",2
Post93,"Post93 Category3 Lorem ipsum dolor sit amet, consectetur adipiscing elit. Sed laoreet eget erat non commodo. Vivamus vel dui magna. Etiam id facilisis metus. Nulla turpis nulla, maximus ut interdum sed, imperdiet nec orci. Sed gravida gravida posuere. Pellentesque eget arcu vehicula, ornare lacus sed, dictum ipsum. Duis feugiat nunc vitae urna commodo, et ultrices ipsum mollis. Praesent purus nisi, semper at ligula vitae, egestas imperdiet neque. Vestibulum ultrices leo risus, et aliquet sem sollicitudin sit amet. Aliquam mattis lorem ut velit semper, a euismod lorem blandit.",3
Post94,"Post94 Category1 Lorem ipsum dolor sit amet, consectetur adipiscing elit. Sed laoreet eget erat non commodo. Vivamus vel dui magna. Etiam id facilisis metus. Nulla turpis nulla, maximus ut interdum sed, imperdiet nec orci. Sed gravida gravida posuere. Pellentesque eget arcu vehicula, ornare lacus sed, dictum ipsum. Duis feugiat nunc vitae urna commodo, et ultrices ipsum mollis. Praesent purus nisi, semper at ligula vitae, egestas imperdiet neque. Vestibulum ultrices leo risus, et aliquet sem sollicitudin sit amet. Aliquam mattis lorem ut velit semper, a euismod lorem blandit.",1
Post95,"Post95 Category2 Lorem ipsum dolor sit amet, consectetur adipiscing elit. Sed laoreet eget erat non commodo. Vivamus vel dui magna. Etiam id facilisis metus. Nulla turpis nulla, maximus ut interdum sed, imperdiet nec orci. Sed gravida gravida posuere. Pellentesque eget arcu vehicula, ornare lacus sed, dictum ipsum. Duis feugiat nunc vitae urna commodo, et ultrices ipsum mollis. Praesent purus nisi, semper at ligula vitae, egestas imperdiet neque. Vestibulum ultrices leo risus, et aliquet sem sollicitudin sit amet. Aliquam mattis lorem ut velit semper, a euismod lorem blandit.",2
Post96,"Post96 Category3 Lorem ipsum dolor sit amet, consectetur adipiscing elit. Sed laoreet eget erat non commodo. Vivamus vel dui magna. Etiam id facilisis metus. Nulla turpis nulla, maximus ut interdum sed, imperdiet nec orci. Sed gravida gravida posuere. Pellentesque eget arcu vehicula, ornare lacus sed, dictum ipsum. Duis feugiat nunc vitae urna commodo, et ultrices ipsum mollis. Praesent purus nisi, semper at ligula vitae, egestas imperdiet neque. Vestibulum ultrices leo risus, et aliquet sem sollicitudin sit amet. Aliquam mattis lorem ut velit semper, a euismod lorem blandit.",3
Post97,"Post97 Category1 Lorem ipsum dolor sit amet, consectetur adipiscing elit. Sed laoreet eget erat non commodo. Vivamus vel dui magna. Etiam id facilisis metus. Nulla turpis nulla, maximus ut interdum sed, imperdiet nec orci. Sed gravida gravida posuere. Pellentesque eget arcu vehicula, ornare lacus sed, dictum ipsum. Duis feugiat nunc vitae urna commodo, et ultrices ipsum mollis. Praesent purus nisi, semper at ligula vitae, egestas imperdiet neque. Vestibulum ultrices leo risus, et aliquet sem sollicitudin sit amet. Aliquam mattis lorem ut velit semper, a euismod lorem blandit.",1
Post98,"Post98 Category2 Lorem ipsum dolor sit amet, consectetur adipiscing elit. Sed laoreet eget erat non commodo. Vivamus vel dui magna. Etiam id facilisis metus. Nulla turpis nulla, maximus ut interdum sed, imperdiet nec orci. Sed gravida gravida posuere. Pellentesque eget arcu vehicula, ornare lacus sed, dictum ipsum. Duis feugiat nunc vitae urna commodo, et ultrices ipsum mollis. Praesent purus nisi, semper at ligula vitae, egestas imperdiet neque. Vestibulum ultrices leo risus, et aliquet sem sollicitudin sit amet. Aliquam mattis lorem ut velit semper, a euismod lorem blandit.",2
Post99,"Post99 Category3 Lorem ipsum dolor sit amet, consectetur adipiscing elit. Sed laoreet eget erat non commodo. Vivamus vel dui magna. Etiam id facilisis metus. Nulla turpis nulla, maximus ut interdum sed, imperdiet nec orci. Sed gravida gravida posuere. Pellentesque eget arcu vehicula, ornare lacus sed, dictum ipsum. Duis feugiat nunc vitae urna commodo, et ultrices ipsum mollis. Praesent purus nisi, semper at ligula vitae, egestas imperdiet neque. Vestibulum ultrices leo risus, et aliquet sem sollicitudin sit amet. Aliquam mattis lorem ut velit semper, a euismod lorem blandit.",3
Post100,"Post100 Category1 Lorem ipsum dolor sit amet, consectetur adipiscing elit. Sed laoreet eget erat non commodo. Vivamus vel dui magna. Etiam id facilisis metus. Nulla turpis nulla, maximus ut interdum sed, imperdiet nec orci. Sed gravida gravida posuere. Pellentesque eget arcu vehicula, ornare lacus sed, dictum ipsum. Duis feugiat nunc vitae urna commodo, et ultrices ipsum mollis. Praesent purus nisi, semper at ligula vitae, egestas imperdiet neque. Vestibulum ultrices leo risus, et aliquet sem sollicitudin sit amet. Aliquam mattis lorem ut velit semper, a euismod lorem blandit.",1